{
	"variants": {
		"snowy=false": [
			{ "model": "mycelium/mycelium0", "y": 0 },
			{ "model": "mycelium/mycelium0", "y": 90 },
			{ "model": "mycelium/mycelium0", "y": 180 },
			{ "model": "mycelium/mycelium0", "y": 270 },
			{ "model": "mycelium/mycelium1", "y": 0 },
			{ "model": "mycelium/mycelium1", "y": 90 },
			{ "model": "mycelium/mycelium1", "y": 180 },
			{ "model": "mycelium/mycelium1", "y": 270 },
			{ "model": "mycelium/mycelium2", "y": 0 },
			{ "model": "mycelium/mycelium2", "y": 90 },
			{ "model": "mycelium/mycelium2", "y": 180 },
			{ "model": "mycelium/mycelium2", "y": 270 },
			{ "model": "mycelium/mycelium3", "y": 0 },
			{ "model": "mycelium/mycelium3", "y": 90 },
			{ "model": "mycelium/mycelium3", "y": 180 },
			{ "model": "mycelium/mycelium3", "y": 270 }
		],
		"snowy=true": { "model": "grass_snowed" }
	}
}